{
  "station_join": [
    {
      "station_cd1": 1162401,
      "station_cd2": 1162402,
      "station_name1": "西九条",
      "station_name2": "安治川口",
      "lon1": 135.466779,
      "lat1": 34.68269,
      "lon2": 135.443921,
      "lat2": 34.673416
    },
    {
      "station_cd1": 1162402,
      "station_cd2": 1162403,
      "station_name1": "安治川口",
      "station_name2": "ユニバーサルシティ",
      "lon1": 135.443921,
      "lat1": 34.673416,
      "lon2": 135.438705,
      "lat2": 34.667842
    },
    {
      "station_cd1": 1162403,
      "station_cd2": 1162404,
      "station_name1": "ユニバーサルシティ",
      "station_name2": "桜島",
      "lon1": 135.438705,
      "lat1": 34.667842,
      "lon2": 135.432136,
      "lat2": 34.662065
    }
  ]
}