{
  "station_join": [
    {
      "station_cd1": 1192701,
      "station_cd2": 1192702,
      "station_name1": "宮崎",
      "station_name2": "南宮崎",
      "lon1": 131.431975,
      "lat1": 31.915742,
      "lon2": 131.422329,
      "lat2": 31.895097
    },
    {
      "station_cd1": 1192702,
      "station_cd2": 1192703,
      "station_name1": "南宮崎",
      "station_name2": "田吉",
      "lon1": 131.422329,
      "lat1": 31.895097,
      "lon2": 131.430697,
      "lat2": 31.878202
    },
    {
      "station_cd1": 1192703,
      "station_cd2": 1192704,
      "station_name1": "田吉",
      "station_name2": "宮崎空港",
      "lon1": 131.430697,
      "lat1": 31.878202,
      "lon2": 131.440555,
      "lat2": 31.87251
    }
  ]
}