{
  "station_join": [
    {
      "station_cd1": 2400501,
      "station_cd2": 2400502,
      "station_name1": "高幡不動",
      "station_name2": "多摩動物公園",
      "lon1": 139.412953,
      "lat1": 35.662361,
      "lon2": 139.404627,
      "lat2": 35.649215
    }
  ]
}