{
  "station_join": [
    {
      "station_cd1": 3101901,
      "station_cd2": 3101902,
      "station_name1": "伊勢若松",
      "station_name2": "柳",
      "lon1": 136.616765,
      "lat1": 34.869431,
      "lon2": 136.595947,
      "lat2": 34.871381
    },
    {
      "station_cd1": 3101902,
      "station_cd2": 3101903,
      "station_name1": "柳",
      "station_name2": "鈴鹿市",
      "lon1": 136.595947,
      "lat1": 34.871381,
      "lon2": 136.582812,
      "lat2": 34.883899
    },
    {
      "station_cd1": 3101903,
      "station_cd2": 3101904,
      "station_name1": "鈴鹿市",
      "station_name2": "三日市",
      "lon1": 136.582812,
      "lat1": 34.883899,
      "lon2": 136.562316,
      "lat2": 34.880232
    },
    {
      "station_cd1": 3101904,
      "station_cd2": 3101905,
      "station_name1": "三日市",
      "station_name2": "平田町",
      "lon1": 136.562316,
      "lat1": 34.880232,
      "lon2": 136.542406,
      "lat2": 34.875124
    }
  ]
}