{
  "station_join": [
    {
      "station_cd1": 3102601,
      "station_cd2": 3102602,
      "station_name1": "鳥居前",
      "station_name2": "宝山寺",
      "lon1": 135.696151,
      "lat1": 34.692439,
      "lon2": 135.68907,
      "lat2": 34.686069
    },
    {
      "station_cd1": 3102602,
      "station_cd2": 3102603,
      "station_name1": "宝山寺",
      "station_name2": "梅屋敷",
      "lon1": 135.68907,
      "lat1": 34.686069,
      "lon2": 135.686967,
      "lat2": 34.683299
    },
    {
      "station_cd1": 3102603,
      "station_cd2": 3102604,
      "station_name1": "梅屋敷",
      "station_name2": "霞ヶ丘",
      "lon1": 135.686967,
      "lat1": 34.683299,
      "lon2": 135.683577,
      "lat2": 34.681341
    },
    {
      "station_cd1": 3102604,
      "station_cd2": 3102605,
      "station_name1": "霞ヶ丘",
      "station_name2": "生駒山上",
      "lon1": 135.683577,
      "lat1": 34.681341,
      "lon2": 135.68053,
      "lat2": 34.679594
    }
  ]
}