{
  "station_join": [
    {
      "station_cd1": 3300401,
      "station_cd2": 3300402,
      "station_name1": "出町柳",
      "station_name2": "神宮丸太町",
      "lon1": 135.772519,
      "lat1": 35.029654,
      "lon2": 135.772283,
      "lat2": 35.017555
    },
    {
      "station_cd1": 3300402,
      "station_cd2": 3300403,
      "station_name1": "神宮丸太町",
      "station_name2": "三条",
      "lon1": 135.772283,
      "lat1": 35.017555,
      "lon2": 135.772274,
      "lat2": 35.009114
    }
  ]
}