{
  "station_join": [
    {
      "station_cd1": 3300801,
      "station_cd2": 3300802,
      "station_name1": "天満橋",
      "station_name2": "なにわ橋",
      "lon1": 135.516633,
      "lat1": 34.6902,
      "lon2": 135.506594,
      "lat2": 34.692829
    },
    {
      "station_cd1": 3300802,
      "station_cd2": 3300803,
      "station_name1": "なにわ橋",
      "station_name2": "大江橋",
      "lon1": 135.506594,
      "lat1": 34.692829,
      "lon2": 135.500412,
      "lat2": 34.694296
    },
    {
      "station_cd1": 3300803,
      "station_cd2": 3300804,
      "station_name1": "大江橋",
      "station_name2": "渡辺橋",
      "lon1": 135.500412,
      "lat1": 34.694296,
      "lon2": 135.49542,
      "lat2": 34.693916
    },
    {
      "station_cd1": 3300804,
      "station_cd2": 3300805,
      "station_name1": "渡辺橋",
      "station_name2": "中之島",
      "lon1": 135.49542,
      "lat1": 34.693916,
      "lon2": 135.487373,
      "lat2": 34.691504
    }
  ]
}