{
  "station_join": [
    {
      "station_cd1": 3400701,
      "station_cd2": 3400702,
      "station_name1": "石橋阪大前",
      "station_name2": "桜井",
      "lon1": 135.445487,
      "lat1": 34.808254,
      "lon2": 135.460705,
      "lat2": 34.816801
    },
    {
      "station_cd1": 3400702,
      "station_cd2": 3400703,
      "station_name1": "桜井",
      "station_name2": "牧落",
      "lon1": 135.460705,
      "lat1": 34.816801,
      "lon2": 135.465794,
      "lat2": 34.823436
    },
    {
      "station_cd1": 3400703,
      "station_cd2": 3400704,
      "station_name1": "牧落",
      "station_name2": "箕面",
      "lon1": 135.465794,
      "lat1": 34.823436,
      "lon2": 135.46819,
      "lat2": 34.834404
    }
  ]
}