{
  "station_join": [
    {
      "station_cd1": 3600201,
      "station_cd2": 3600202,
      "station_name1": "西鉄二日市",
      "station_name2": "西鉄五条",
      "lon1": 130.517871,
      "lat1": 33.502192,
      "lon2": 130.526106,
      "lat2": 33.51111
    },
    {
      "station_cd1": 3600202,
      "station_cd2": 3600203,
      "station_name1": "西鉄五条",
      "station_name2": "太宰府",
      "lon1": 130.526106,
      "lat1": 33.51111,
      "lon2": 130.531406,
      "lat2": 33.51904
    }
  ]
}