{
  "station_join": [
    {
      "station_cd1": 9961401,
      "station_cd2": 9961402,
      "station_name1": "千里中央",
      "station_name2": "桃山台",
      "lon1": 135.495067,
      "lat1": 34.808655,
      "lon2": 135.497142,
      "lat2": 34.793842
    },
    {
      "station_cd1": 9961402,
      "station_cd2": 9961403,
      "station_name1": "桃山台",
      "station_name2": "緑地公園",
      "lon1": 135.497142,
      "lat1": 34.793842,
      "lon2": 135.495278,
      "lat2": 34.774772
    },
    {
      "station_cd1": 9961403,
      "station_cd2": 9961404,
      "station_name1": "緑地公園",
      "station_name2": "江坂",
      "lon1": 135.495278,
      "lat1": 34.774772,
      "lon2": 135.497106,
      "lat2": 34.758755
    }
  ]
}