{
  "station_join": [
    {
      "station_cd1": 9962701,
      "station_cd2": 9962702,
      "station_name1": "万博記念公園",
      "station_name2": "公園東口",
      "lon1": 135.530228,
      "lat1": 34.806692,
      "lon2": 135.539235,
      "lat2": 34.810427
    },
    {
      "station_cd1": 9962702,
      "station_cd2": 9962703,
      "station_name1": "公園東口",
      "station_name2": "阪大病院前",
      "lon1": 135.539235,
      "lat1": 34.810427,
      "lon2": 135.530005,
      "lat2": 34.818474
    },
    {
      "station_cd1": 9962703,
      "station_cd2": 9962704,
      "station_name1": "阪大病院前",
      "station_name2": "豊川",
      "lon1": 135.530005,
      "lat1": 34.818474,
      "lon2": 135.526778,
      "lat2": 34.834611
    },
    {
      "station_cd1": 9962704,
      "station_cd2": 9962705,
      "station_name1": "豊川",
      "station_name2": "彩都西",
      "lon1": 135.526778,
      "lat1": 34.834611,
      "lon2": 135.522931,
      "lat2": 34.855492
    }
  ]
}